Product Name,SKU,WAS Price,NOW ONLY Price,SAVE,Product Description,Category
100MD-Single All In 1 Single 910 Bed Set 10,100MD-SINGLE,1000,899,101,Transform your bedroom into a sanctuary. The 100MD-Single All In 1 Single 910 Bed Set 10 offers superior comfort and elegant storage. On sale for P899.,BEDS
AF Piney Double Bunk,MWDB04,5000,3999,1001,Transform your bedroom into a sanctuary. The AF Piney Double Bunk offers superior comfort and elegant storage. On sale for P3999.,BEDS
All In 1 Double 1370 Bed Set 1,100MD,1200,999,201,Transform your bedroom into a sanctuary. The All In 1 Double 1370 Bed Set 1 offers superior comfort and elegant storage. On sale for P999.,BEDS
Bamboo Double (3 Star) 1370 RE,0255,1700,1500,200,Discover the perfect blend of quality and value with this Bamboo Double (3 Star) 1370 RE. A must-have addition to your home. Only P1500!,BEDS
Bamboo Single (3 Star) 910 RES,1099,1600,1399,201,Discover the perfect blend of quality and value with this Bamboo Single (3 Star) 910 RES. A must-have addition to your home. Only P1399!,BEDS
Bar Chair Mustard + Black + Go,MWBCG02A/B,1700,1499,201,Boost your productivity with the stylish and ergonomic Bar Chair Mustard + Black + Go. Professional quality and comfort at an incredible price of P1499.,BEDS
Better Lux Double (10 Star) 13,0309,2300,1999,301,Discover the perfect blend of quality and value with this Better Lux Double (10 Star) 13. A must-have addition to your home. Only P1999!,BEDS
Better Lux Queen (10 Star) 152,1310,2900,2499,401,Discover the perfect blend of quality and value with this Better Lux Queen (10 Star) 152. A must-have addition to your home. Only P2499!,BEDS
Better Lux Single (10 Star) BE,121124,2200,1899,301,Discover the perfect blend of quality and value with this Better Lux Single (10 Star) BE. A must-have addition to your home. Only P1899!,BEDS
Budget Double (1 Star) 1370 MY,0215,1300,1099,201,Discover the perfect blend of quality and value with this Budget Double (1 Star) 1370 MY. A must-have addition to your home. Only P1099!,BEDS
Empire Headboard BAF,8840,1500,1200,300,Transform your bedroom into a sanctuary. The Empire Headboard BAF offers superior comfort and elegant storage. On sale for P1200.,BEDS
Florence Black Headboard BAF,21635,1200,899,301,Transform your bedroom into a sanctuary. The Florence Black Headboard BAF offers superior comfort and elegant storage. On sale for P899.,BEDS
Good Sleep Double (2 Star) 137,0225,1550,1350,200,Discover the perfect blend of quality and value with this Good Sleep Double (2 Star) 137. A must-have addition to your home. Only P1350!,BEDS
Hazel Bedroom Suite 2Pc Oak BA,18163,6500,5999,501,Transform your bedroom into a sanctuary. The Hazel Bedroom Suite 2Pc Oak BA offers superior comfort and elegant storage. On sale for P5999.,BEDS
Headboard Classic B Grey Queen,19050,1500,1200,300,Transform your bedroom into a sanctuary. The Headboard Classic B Grey Queen offers superior comfort and elegant storage. On sale for P1200.,BEDS
Headboard Legends Apex Gold In,20903,5000,3999,1001,Transform your bedroom into a sanctuary. The Headboard Legends Apex Gold In offers superior comfort and elegant storage. On sale for P3999.,BEDS
Headboard Legends Sandiego SLE,20936,4000,2999,1001,Transform your bedroom into a sanctuary. The Headboard Legends Sandiego SLE offers superior comfort and elegant storage. On sale for P2999.,BEDS
Layana Headboard Gold Strips,21755,3000,2499,501,Transform your bedroom into a sanctuary. The Layana Headboard Gold Strips offers superior comfort and elegant storage. On sale for P2499.,BEDS
Legends Tag Headboard Gold Ins,21302,3000,1999,1001,Transform your bedroom into a sanctuary. The Legends Tag Headboard Gold Ins offers superior comfort and elegant storage. On sale for P1999.,BEDS
Magnificent 20 Star Double Bed,52500,3300,2999,301,Transform your bedroom into a sanctuary. The Magnificent 20 Star Double Bed offers superior comfort and elegant storage. On sale for P2999.,BEDS
Magnificent King 20 Star Bed,52600,5000,4499,501,Transform your bedroom into a sanctuary. The Magnificent King 20 Star Bed offers superior comfort and elegant storage. On sale for P4499.,BEDS
Night Stand Grey Ash + Cool GR,MW340,700,499,201,"Elevate your home decor with this chic Night Stand Grey Ash + Cool GR. Functional, durable, and aesthetically pleasing. Yours now for only P499.",BEDS
Nightstand Sanremo Light + Sonam,MW349F,700,499,201,Discover the perfect blend of quality and value with this Nightstand Sanremo Light + Sonam. A must-have addition to your home. Only P499!,BEDS
Nikki Headboard 1550X900 Grey,NIKKIHB,800,699,101,Transform your bedroom into a sanctuary. The Nikki Headboard 1550X900 Grey offers superior comfort and elegant storage. On sale for P699.,BEDS
Pedestal Classic B Grey BAF,18682,900,599,301,Transform your bedroom into a sanctuary. The Pedestal Classic B Grey BAF offers superior comfort and elegant storage. On sale for P599.,BEDS
Pedestal Rose BAF,14972,600,399,201,Transform your bedroom into a sanctuary. The Pedestal Rose BAF offers superior comfort and elegant storage. On sale for P399.,BEDS
Pedestal York BAF,21518,250,199,51,Transform your bedroom into a sanctuary. The Pedestal York BAF offers superior comfort and elegant storage. On sale for P199.,BEDS
Sevile Bedroom Suet 2Pc,1570,3500,2500,1000,Transform your bedroom into a sanctuary. The Sevile Bedroom Suet 2Pc offers superior comfort and elegant storage. On sale for P2500.,BEDS
Spine O Pedic Double (15 Star),151370,2700,2499,201,Discover the perfect blend of quality and value with this Spine O Pedic Double (15 Star). A must-have addition to your home. Only P2499!,BEDS
Spine O Pedic Queen (15 Star),150525,3200,2899,301,Discover the perfect blend of quality and value with this Spine O Pedic Queen (15 Star). A must-have addition to your home. Only P2899!,BEDS
Steel Double Bunk Bed,MWZM268,2200,1899,301,Transform your bedroom into a sanctuary. The Steel Double Bunk Bed offers superior comfort and elegant storage. On sale for P1899.,BEDS
Vanessa Queen Headboard BAF,23366,700,499,201,Transform your bedroom into a sanctuary. The Vanessa Queen Headboard BAF offers superior comfort and elegant storage. On sale for P499.,BEDS
Venice Bedroom Suite Sonoma OA,MWVBRS,2200,1799,401,Transform your bedroom into a sanctuary. The Venice Bedroom Suite Sonoma OA offers superior comfort and elegant storage. On sale for P1799.,BEDS
Wooden Steel Double Bunk,MWDB01,3000,2500,500,Transform your bedroom into a sanctuary. The Wooden Steel Double Bunk offers superior comfort and elegant storage. On sale for P2500.,BEDS
Accent Chair Black + Grey/Black + Orange,MWOC16A/B,1500,1299,201,Boost your productivity with the stylish and ergonomic Accent Chair Black + Grey/Black + Orange. Professional quality and comfort at an incredible price of P1299.,CHAIRS
Accent Chair Black + Grey/Orange,MWOC16A,1500,1299,201,Boost your productivity with the stylish and ergonomic Accent Chair Black + Grey/Orange. Professional quality and comfort at an incredible price of P1299.,CHAIRS
Bar Chair Black Valvet Gold FR,MWBCG03B,1700,1499,201,Boost your productivity with the stylish and ergonomic Bar Chair Black Valvet Gold FR. Professional quality and comfort at an incredible price of P1499.,CHAIRS
Bar Chair Black/Green/Grey Valvet Stylish,MWBCG01A/B/C,1700,1499,201,Boost your productivity with the stylish and ergonomic Bar Chair Black/Green/Grey Valvet Stylish. Professional quality and comfort at an incredible price of P1499.,CHAIRS
Bar Chair Red Black Minimalist,MWBC72A/B,900,699,201,Boost your productivity with the stylish and ergonomic Bar Chair Red Black Minimalist. Professional quality and comfort at an incredible price of P699.,CHAIRS
Barstool Round Blck Silver Bot,8671,900,699,201,Discover the perfect blend of quality and value with this Barstool Round Blck Silver Bot. A must-have addition to your home. Only P699!,CHAIRS
Chair Multipurpose Black,MW7268,2200,1899,301,Boost your productivity with the stylish and ergonomic Chair Multipurpose Black. Professional quality and comfort at an incredible price of P1899.,CHAIRS
Chair Office Black Padded Silv,MWA24,900,599,301,Boost your productivity with the stylish and ergonomic Chair Office Black Padded Silv. Professional quality and comfort at an incredible price of P599.,CHAIRS
Chair Only Black,MW688,700,599,101,Boost your productivity with the stylish and ergonomic Chair Only Black. Professional quality and comfort at an incredible price of P599.,CHAIRS
Gaming Chair Black/Red,MW115,2200,1999,201,Boost your productivity with the stylish and ergonomic Gaming Chair Black/Red. Professional quality and comfort at an incredible price of P1999.,CHAIRS
Gaming Chair Bucket Seat Red/B,MW114A,3300,2999,301,Boost your productivity with the stylish and ergonomic Gaming Chair Bucket Seat Red/B. Professional quality and comfort at an incredible price of P2999.,CHAIRS
Mesh Office Chair Black,MW628/MW117,1500,1200,300,Boost your productivity with the stylish and ergonomic Mesh Office Chair Black. Professional quality and comfort at an incredible price of P1200.,CHAIRS
Multipurpose Chair Dark Green/Blue/Grey Velvet,MWOC18A,1700,1399,301,Boost your productivity with the stylish and ergonomic Multipurpose Chair Dark Green/Blue/Grey Velvet. Professional quality and comfort at an incredible price of P1399.,CHAIRS
Occasional Chair Dark Grey Vel/Turquoise Gre,MWOC10B/C,2200,1999,201,Boost your productivity with the stylish and ergonomic Occasional Chair Dark Grey Vel/Turquoise Gre. Professional quality and comfort at an incredible price of P1999.,CHAIRS
Occasional Chair Dark/Turquoise Grey Vel,MWOC10C,2200,1999,201,Boost your productivity with the stylish and ergonomic Occasional Chair Dark/Turquoise Grey Vel. Professional quality and comfort at an incredible price of P1999.,CHAIRS
Occasional Chair Orange/Teal/Grey,MWOC14A,1700,1399,301,Boost your productivity with the stylish and ergonomic Occasional Chair Orange/Teal/Grey. Professional quality and comfort at an incredible price of P1399.,CHAIRS
Occasional Chair Orange/Teal/Grey,MWOC14A/B/C,1700,1399,301,Boost your productivity with the stylish and ergonomic Occasional Chair Orange/Teal/Grey. Professional quality and comfort at an incredible price of P1399.,CHAIRS
Shell Chair Beach Legs White/Black,MWCH2A/B,600,399,201,Boost your productivity with the stylish and ergonomic Shell Chair Beach Legs White/Black. Professional quality and comfort at an incredible price of P399.,CHAIRS
Shell Chair Beach Legs White/Red,MWCH2B,600,399,201,Boost your productivity with the stylish and ergonomic Shell Chair Beach Legs White/Red. Professional quality and comfort at an incredible price of P399.,CHAIRS
Squiggle Chair Black,MWCH6A,700,499,201,Boost your productivity with the stylish and ergonomic Squiggle Chair Black. Professional quality and comfort at an incredible price of P499.,CHAIRS
Dinning Room Suit Creed 6 Chai,FT552,4500,3999,501,Discover the perfect blend of quality and value with this Dinning Room Suit Creed 6 Chai. A must-have addition to your home. Only P3999!,DINING
Dinning Set 1+4 Black Metal + L,MW550B,2300,1999,301,Discover the perfect blend of quality and value with this Dinning Set 1+4 Black Metal + L. A must-have addition to your home. Only P1999!,DINING
Dinning Set Glass Black 1+6,MW39,4000,3499,501,Discover the perfect blend of quality and value with this Dinning Set Glass Black 1+6. A must-have addition to your home. Only P3499!,DINING
Starlight Dining Room Suite 7,MW616,5500,4500,1000,Transform your bedroom into a sanctuary. The Starlight Dining Room Suite 7 offers superior comfort and elegant storage. On sale for P4500.,DINING
Defy Bar Fridge Metallic DFI-1,DBF90M,2200,1999,201,"Keep your food fresher for longer with this high-efficiency Defy Bar Fridge Metallic DFI-1. Sleek design and reliable cooling, now only P1999.",ELECTRONICS
Defy Chest Freezer 195L CF210H,DMF470,3200,2899,301,"Keep your food fresher for longer with this high-efficiency Defy Chest Freezer 195L CF210H. Sleek design and reliable cooling, now only P2899.",ELECTRONICS
Defy Chest Freezer 481L CF530H,DMF456,6500,5999,501,"Keep your food fresher for longer with this high-efficiency Defy Chest Freezer 481L CF530H. Sleek design and reliable cooling, now only P5999.",ELECTRONICS
Defy Fridge 210L C285 Metallic,DAC363,4500,3999,501,"Keep your food fresher for longer with this high-efficiency Defy Fridge 210L C285 Metallic. Sleek design and reliable cooling, now only P3999.",ELECTRONICS
Defy Fridge C300 ECO WD M DAC4,DAC449,5200,4799,401,"Keep your food fresher for longer with this high-efficiency Defy Fridge C300 ECO WD M DAC4. Sleek design and reliable cooling, now only P4799.",ELECTRONICS
Defy Fridge C455 WD 348L ECO M,DAC645,6500,5999,501,"Keep your food fresher for longer with this high-efficiency Defy Fridge C455 WD 348L ECO M. Sleek design and reliable cooling, now only P5999.",ELECTRONICS
Defy Fridge D200 Metalic DAD23,DAD239,3300,2899,401,"Keep your food fresher for longer with this high-efficiency Defy Fridge D200 Metalic DAD23. Sleek design and reliable cooling, now only P2899.",ELECTRONICS
Defy Fridge Side By Side D300,DFF536,10500,8999,1501,"Keep your food fresher for longer with this high-efficiency Defy Fridge Side By Side D300. Sleek design and reliable cooling, now only P8999.",ELECTRONICS
Defy Fridge Side By Side Metta,DFF 547,13000,11999,1001,"Keep your food fresher for longer with this high-efficiency Defy Fridge Side By Side Metta. Sleek design and reliable cooling, now only P11999.",ELECTRONICS
Defy Microwave 20L Silver Mirr,DMO381,1000,799,201,"Upgrade your kitchen with this premium Defy Microwave 20L Silver Mirr. Fast, consistent results for the modern home chef. Grab yours for P799 today!",ELECTRONICS
Defy Microwave 30L Silver Mirr,DMO390,1500,1299,201,"Upgrade your kitchen with this premium Defy Microwave 30L Silver Mirr. Fast, consistent results for the modern home chef. Grab yours for P1299 today!",ELECTRONICS
Defy Top Loader 8Kg Washing MA,DTL 165,4000,3799,201,Discover the perfect blend of quality and value with this Defy Top Loader 8Kg Washing MA. A must-have addition to your home. Only P3799!,ELECTRONICS
Defy Washing Machine Front LOA,DAW384,5900,5499,401,Effortless laundry days start here. This powerful Defy Washing Machine Front LOA handles heavy loads with ease. Unbeatable value at just P5499.,ELECTRONICS
Defy Washing Machine Twin Tub,DTT169,2700,2399,301,Effortless laundry days start here. This powerful Defy Washing Machine Twin Tub handles heavy loads with ease. Unbeatable value at just P2399.,ELECTRONICS
Defy Washing Machine Twin Tub,DTT180,4500,3999,501,Effortless laundry days start here. This powerful Defy Washing Machine Twin Tub handles heavy loads with ease. Unbeatable value at just P3999.,ELECTRONICS
Gas Stove Euroline 4 Burner,2269,1900,1499,401,"Upgrade your kitchen with this premium Gas Stove Euroline 4 Burner. Fast, consistent results for the modern home chef. Grab yours for P1499 today!",ELECTRONICS
Gas Stove Euroline 4 Burner,2587,2000,1599,401,"Upgrade your kitchen with this premium Gas Stove Euroline 4 Burner. Fast, consistent results for the modern home chef. Grab yours for P1599 today!",ELECTRONICS
Hisense Chest Freezer 198L SIL,H245CFS,3200,2999,201,"Keep your food fresher for longer with this high-efficiency Hisense Chest Freezer 198L SIL. Sleek design and reliable cooling, now only P2999.",ELECTRONICS
Hisense Fridge 222L W+D Bottom,H310BIT-WD,4500,3999,501,"Keep your food fresher for longer with this high-efficiency Hisense Fridge 222L W+D Bottom. Sleek design and reliable cooling, now only P3999.",ELECTRONICS
Hisense Fridge Metallic 154L R,H225TTS,3300,2999,301,"Keep your food fresher for longer with this high-efficiency Hisense Fridge Metallic 154L R. Sleek design and reliable cooling, now only P2999.",ELECTRONICS
Hisense Fridge White 154L REFR,H225TWH,3100,2799,301,"Keep your food fresher for longer with this high-efficiency Hisense Fridge White 154L REFR. Sleek design and reliable cooling, now only P2799.",ELECTRONICS
Hisense Mora Bar Fridge 92L RE,M125RWH,2100,1899,201,"Keep your food fresher for longer with this high-efficiency Hisense Mora Bar Fridge 92L RE. Sleek design and reliable cooling, now only P1899.",ELECTRONICS
Hisense Washing Machine 11Kg T,WTJA1112T,4100,3799,301,Effortless laundry days start here. This powerful Hisense Washing Machine 11Kg T handles heavy loads with ease. Unbeatable value at just P3799.,ELECTRONICS
Hisense Washing Machine 14Kg T,WT3K1423UB,4900,4499,401,Effortless laundry days start here. This powerful Hisense Washing Machine 14Kg T handles heavy loads with ease. Unbeatable value at just P4499.,ELECTRONICS
Taurus Air Fryer Digital 3.6L,CREBLE62,1200,899,301,"Upgrade your kitchen with this premium Taurus Air Fryer Digital 3.6L. Fast, consistent results for the modern home chef. Grab yours for P899 today!",ELECTRONICS
Totai/Blaze 6Bnr Stove With AU,03/T600AB,4500,3999,501,"Upgrade your kitchen with this premium Totai/Blaze 6Bnr Stove With AU. Fast, consistent results for the modern home chef. Grab yours for P3999 today!",ELECTRONICS
2 Door Base Biscuit MPORT,MWRT2DBC,900,699,201,Discover the perfect blend of quality and value with this 2 Door Base Biscuit MPORT. A must-have addition to your home. Only P699!,KITCHEN
3 Door Base White + Dark Oak,MW9703DB,2000,1499,501,Discover the perfect blend of quality and value with this 3 Door Base White + Dark Oak. A must-have addition to your home. Only P1499!,KITCHEN
3Door Base Biscuit (Pear),MWRT3DBA,1200,999,201,Discover the perfect blend of quality and value with this 3Door Base Biscuit (Pear). A must-have addition to your home. Only P999!,KITCHEN
Alaska Kitchen Combo BAF,8478,2300,1900,400,Discover the perfect blend of quality and value with this Alaska Kitchen Combo BAF. A must-have addition to your home. Only P1900!,KITCHEN
Barcelona Microwave Stand BAF,16052,1100,899,201,"Upgrade your kitchen with this premium Barcelona Microwave Stand BAF. Fast, consistent results for the modern home chef. Grab yours for P899 today!",KITCHEN
Chair Manager Metal Base Black,JX1011,1300,899,401,Boost your productivity with the stylish and ergonomic Chair Manager Metal Base Black. Professional quality and comfort at an incredible price of P899.,KITCHEN
Kitchen Base Nogueira/White,MWBR3DBC,1700,1399,301,Discover the perfect blend of quality and value with this Kitchen Base Nogueira/White. A must-have addition to your home. Only P1399!,KITCHEN
Kitchenbase 3Door Grey Plaza,5011-3-HY,1000,799,201,Discover the perfect blend of quality and value with this Kitchenbase 3Door Grey Plaza. A must-have addition to your home. Only P799!,KITCHEN
Linda Base 2Door BAF,6744,800,599,201,Discover the perfect blend of quality and value with this Linda Base 2Door BAF. A must-have addition to your home. Only P599!,KITCHEN
Romeo Kitchen Combo BAF,16155,2000,1699,301,Discover the perfect blend of quality and value with this Romeo Kitchen Combo BAF. A must-have addition to your home. Only P1699!,KITCHEN
Romeo Kitchen Scheme 3Pc BAF,16150,2500,1999,501,Discover the perfect blend of quality and value with this Romeo Kitchen Scheme 3Pc BAF. A must-have addition to your home. Only P1999!,KITCHEN
Vegas 2Door Kitchen Base BAF,22488,600,399,201,Discover the perfect blend of quality and value with this Vegas 2Door Kitchen Base BAF. A must-have addition to your home. Only P399!,KITCHEN
Vegas 2Pc Kitchen Schem BAF,22489,2000,1699,301,Discover the perfect blend of quality and value with this Vegas 2Pc Kitchen Schem BAF. A must-have addition to your home. Only P1699!,KITCHEN
Vegas 3Door Kitchen Base BAF,23025,900,699,201,Discover the perfect blend of quality and value with this Vegas 3Door Kitchen Base BAF. A must-have addition to your home. Only P699!,KITCHEN
3 Seater Sofa Bed Blue/V+Burgu,F540A/D,5000,3999,1001,"Experience ultimate comfort and style with the 3 Seater Sofa Bed Blue/V+Burgu. Plush fabric and modern design, perfect for any living room. Now P3999.",SOFAS
Aldo 2 Division Cinema Sofa CA,201124,5000,3999,1001,"Experience ultimate comfort and style with the Aldo 2 Division Cinema Sofa CA. Plush fabric and modern design, perfect for any living room. Now P3999.",SOFAS
Aurora 4Pce Lounge Suite Sofa,AURORA,49999,39999,10000,"Experience ultimate comfort and style with the Aurora 4Pce Lounge Suite Sofa. Plush fabric and modern design, perfect for any living room. Now P39999.",SOFAS
Juliet Daybed Sofa Can Stan,5900,9000,6999,2001,"Experience ultimate comfort and style with the Juliet Daybed Sofa Can Stan. Plush fabric and modern design, perfect for any living room. Now P6999.",SOFAS
Sofa 4PC Africo Brown,3103,3500,2999,501,"Experience ultimate comfort and style with the Sofa 4PC Africo Brown. Plush fabric and modern design, perfect for any living room. Now P2999.",SOFAS
Sofa Bed 3 Seater With Split B,F880B,4000,2999,1001,"Experience ultimate comfort and style with the Sofa Bed 3 Seater With Split B. Plush fabric and modern design, perfect for any living room. Now P2999.",SOFAS
Sofa Bed Light Grey Valvet,F903A,4500,3500,1000,"Experience ultimate comfort and style with the Sofa Bed Light Grey Valvet. Plush fabric and modern design, perfect for any living room. Now P3500.",SOFAS
Sofa Bed Roma Black BMD,FT708,3000,2499,501,"Experience ultimate comfort and style with the Sofa Bed Roma Black BMD. Plush fabric and modern design, perfect for any living room. Now P2499.",SOFAS
Sofa Galaxy Corner Material BA,75500,6000,5499,501,"Experience ultimate comfort and style with the Sofa Galaxy Corner Material BA. Plush fabric and modern design, perfect for any living room. Now P5499.",SOFAS
Sofa Nikki L-Shape Valv,4899,3500,2999,501,"Experience ultimate comfort and style with the Sofa Nikki L-Shape Valv. Plush fabric and modern design, perfect for any living room. Now P2999.",SOFAS
Sofa Shadow Corner L Shape PAK,251024,5500,4999,501,"Experience ultimate comfort and style with the Sofa Shadow Corner L Shape PAK. Plush fabric and modern design, perfect for any living room. Now P4999.",SOFAS
Sofa Single 2DIV Square,6985,1700,1299,401,"Experience ultimate comfort and style with the Sofa Single 2DIV Square. Plush fabric and modern design, perfect for any living room. Now P1299.",SOFAS
Sofa Single 2Div Cup Holder SQ,4857,2200,1899,301,"Experience ultimate comfort and style with the Sofa Single 2Div Cup Holder SQ. Plush fabric and modern design, perfect for any living room. Now P1899.",SOFAS
Sofa Single 3Div Square Arm MA,2999,2500,1999,501,"Experience ultimate comfort and style with the Sofa Single 3Div Square Arm MA. Plush fabric and modern design, perfect for any living room. Now P1999.",SOFAS
Sofa Two Tone L Shape,11159,3500,2999,501,"Experience ultimate comfort and style with the Sofa Two Tone L Shape. Plush fabric and modern design, perfect for any living room. Now P2999.",SOFAS
Sofa Two Tone L Shape BAO,11159,4000,3499,501,"Experience ultimate comfort and style with the Sofa Two Tone L Shape BAO. Plush fabric and modern design, perfect for any living room. Now P3499.",SOFAS
3TS Shelf Grey BAF,22785,250,199,51,Boost your productivity with the stylish and ergonomic 3TS Shelf Grey BAF. Professional quality and comfort at an incredible price of P199.,STORAGE
4 Drawer Chest White,MW4DGCB,1500,1199,301,Transform your bedroom into a sanctuary. The 4 Drawer Chest White offers superior comfort and elegant storage. On sale for P1199.,STORAGE
4 Shelf Unit Sanremo Light + W/Grey,MW6805A/B,900,799,101,Boost your productivity with the stylish and ergonomic 4 Shelf Unit Sanremo Light + W/Grey. Professional quality and comfort at an incredible price of P799.,STORAGE
4TS Shelf White Oak BAF,21413,350,299,51,Boost your productivity with the stylish and ergonomic 4TS Shelf White Oak BAF. Professional quality and comfort at an incredible price of P299.,STORAGE
5 Drawer Chest Coffee/Cappucin,MW5DGC,2000,1500,500,Transform your bedroom into a sanctuary. The 5 Drawer Chest Coffee/Cappucin offers superior comfort and elegant storage. On sale for P1500.,STORAGE
Blanket Box Classic B Grey/Black BA,19303,1500,1200,300,Discover the perfect blend of quality and value with this Blanket Box Classic B Grey/Black BA. A must-have addition to your home. Only P1200!,STORAGE
Blanket Box May Small BAF,17030,700,499,201,Discover the perfect blend of quality and value with this Blanket Box May Small BAF. A must-have addition to your home. Only P499!,STORAGE
Book Shelf Grey Oak,MW5000B,1000,799,201,Boost your productivity with the stylish and ergonomic Book Shelf Grey Oak. Professional quality and comfort at an incredible price of P799.,STORAGE
Bugatti Namibia Light Brown SO,1240,15000,13999,1001,Discover the perfect blend of quality and value with this Bugatti Namibia Light Brown SO. A must-have addition to your home. Only P13999!,STORAGE
Cabinet 10 Door Sanremo Light + White,MW55L,1500,1399,101,Discover the perfect blend of quality and value with this Cabinet 10 Door Sanremo Light + White. A must-have addition to your home. Only P1399!,STORAGE
Cabinet 2Door 3 Shelf With Doo,MW515J,1300,999,301,Boost your productivity with the stylish and ergonomic Cabinet 2Door 3 Shelf With Doo. Professional quality and comfort at an incredible price of P999.,STORAGE
Cabinet 2Door 3 Shelf With Doors Sanremo + Light Grey,MW515,1300,999,301,Boost your productivity with the stylish and ergonomic Cabinet 2Door 3 Shelf With Doors Sanremo + Light Grey. Professional quality and comfort at an incredible price of P999.,STORAGE
Cabinet 3-Doors 2-Tall Shelfs,MW555,1000,799,201,Boost your productivity with the stylish and ergonomic Cabinet 3-Doors 2-Tall Shelfs. Professional quality and comfort at an incredible price of P799.,STORAGE
Cabinet 3-Doors 2-Tall Shelfs Storage,MW555,900,799,101,Boost your productivity with the stylish and ergonomic Cabinet 3-Doors 2-Tall Shelfs Storage. Professional quality and comfort at an incredible price of P799.,STORAGE
Chest Of 5 Drawers + 1 Door,MWMF05A/B,1700,1399,301,Transform your bedroom into a sanctuary. The Chest Of 5 Drawers + 1 Door offers superior comfort and elegant storage. On sale for P1399.,STORAGE
Chest Of Drawer White 4 Drawer,5484,1200,999,201,Transform your bedroom into a sanctuary. The Chest Of Drawer White 4 Drawer offers superior comfort and elegant storage. On sale for P999.,STORAGE
Chest Of Draws Sonama Oak MPOR,MW8624,1200,899,301,Transform your bedroom into a sanctuary. The Chest Of Draws Sonama Oak MPOR offers superior comfort and elegant storage. On sale for P899.,STORAGE
Hanging Shelves Rope White/Oli,MWBR3119,400,299,101,Discover the perfect blend of quality and value with this Hanging Shelves Rope White/Oli. A must-have addition to your home. Only P299!,STORAGE
Office Char Spin Wheels Black,MW312,1000,899,101,Boost your productivity with the stylish and ergonomic Office Char Spin Wheels Black. Professional quality and comfort at an incredible price of P899.,STORAGE
Storage Cabinet UK Oak + Black,MW24,1000,599,401,Discover the perfect blend of quality and value with this Storage Cabinet UK Oak + Black. A must-have addition to your home. Only P599!,STORAGE
Texas Chest Of Drawer + Mirror,24198,1200,999,201,Transform your bedroom into a sanctuary. The Texas Chest Of Drawer + Mirror offers superior comfort and elegant storage. On sale for P999.,STORAGE
Texas Chest Of Drawer Only BAF,24197,1000,699,301,Transform your bedroom into a sanctuary. The Texas Chest Of Drawer Only BAF offers superior comfort and elegant storage. On sale for P699.,STORAGE
Adas Coffee Table Dark + White,MW815,900,599,301,"Elevate your home decor with this chic Adas Coffee Table Dark + White. Functional, durable, and aesthetically pleasing. Yours now for only P599.",TABLES & DESKS
Coffee Table 2 Piece Black,MWCT2P04,1200,899,301,"Elevate your home decor with this chic Coffee Table 2 Piece Black. Functional, durable, and aesthetically pleasing. Yours now for only P899.",TABLES & DESKS
Coffee Table 3 Layer Rectangle,CT330,1000,599,401,"Elevate your home decor with this chic Coffee Table 3 Layer Rectangle. Functional, durable, and aesthetically pleasing. Yours now for only P599.",TABLES & DESKS
Coffee Table Antique Wooden Go,CT23,700,599,101,"Elevate your home decor with this chic Coffee Table Antique Wooden Go. Functional, durable, and aesthetically pleasing. Yours now for only P599.",TABLES & DESKS
Coffee Table Glass Grey And OA,CT1515,2000,1699,301,"Elevate your home decor with this chic Coffee Table Glass Grey And OA. Functional, durable, and aesthetically pleasing. Yours now for only P1699.",TABLES & DESKS
Coffee Table Gold 3 Piece Abst,MWCTG273P,3500,2999,501,"Elevate your home decor with this chic Coffee Table Gold 3 Piece Abst. Functional, durable, and aesthetically pleasing. Yours now for only P2999.",TABLES & DESKS
Coffee Table Round,15532,699,499,200,"Elevate your home decor with this chic Coffee Table Round. Functional, durable, and aesthetically pleasing. Yours now for only P499.",TABLES & DESKS
Coffee Table Sonoma Oak + Dark,MW808C,1100,899,201,"Elevate your home decor with this chic Coffee Table Sonoma Oak + Dark. Functional, durable, and aesthetically pleasing. Yours now for only P899.",TABLES & DESKS
Coffee Table UK Oak + Black,MW25,700,599,101,"Elevate your home decor with this chic Coffee Table UK Oak + Black. Functional, durable, and aesthetically pleasing. Yours now for only P599.",TABLES & DESKS
Desk Snow White + Bookshelf BA,21593,1100,899,201,Boost your productivity with the stylish and ergonomic Desk Snow White + Bookshelf BA. Professional quality and comfort at an incredible price of P899.,TABLES & DESKS
Dinning Table Sleek Marble Set,MWDT27,2500,1999,501,"Elevate your home decor with this chic Dinning Table Sleek Marble Set. Functional, durable, and aesthetically pleasing. Yours now for only P1999.",TABLES & DESKS
Office Desk Walnut,MWVOVL1600,4500,3999,501,Boost your productivity with the stylish and ergonomic Office Desk Walnut. Professional quality and comfort at an incredible price of P3999.,TABLES & DESKS
Office Desk Walnut + Black,MW613,1500,1200,300,Boost your productivity with the stylish and ergonomic Office Desk Walnut + Black. Professional quality and comfort at an incredible price of P1200.,TABLES & DESKS
Office Desk With Credenza Waln,MWVOPB1800,7500,6999,501,Boost your productivity with the stylish and ergonomic Office Desk With Credenza Waln. Professional quality and comfort at an incredible price of P6999.,TABLES & DESKS
Side Stand Walnut,MWSS01A,299,199,100,"Elevate your home decor with this chic Side Stand Walnut. Functional, durable, and aesthetically pleasing. Yours now for only P199.",TABLES & DESKS
Side Table Glass Rosegold,MWCTRG02,2200,1899,301,"Elevate your home decor with this chic Side Table Glass Rosegold. Functional, durable, and aesthetically pleasing. Yours now for only P1899.",TABLES & DESKS
Study Desk Natural Oak,MW611,900,699,201,Boost your productivity with the stylish and ergonomic Study Desk Natural Oak. Professional quality and comfort at an incredible price of P699.,TABLES & DESKS
Study Desk Small Oak/Dark,MW9600,1000,799,201,Boost your productivity with the stylish and ergonomic Study Desk Small Oak/Dark. Professional quality and comfort at an incredible price of P799.,TABLES & DESKS
Study Desk Sonama Oak + White/Grey,MW612F,1200,999,201,Boost your productivity with the stylish and ergonomic Study Desk Sonama Oak + White/Grey. Professional quality and comfort at an incredible price of P999.,TABLES & DESKS
Study Desk Sonama Oak + White/Oak + Dark G,MW612F/G,1399,1100,299,Boost your productivity with the stylish and ergonomic Study Desk Sonama Oak + White/Oak + Dark G. Professional quality and comfort at an incredible price of P1100.,TABLES & DESKS
Tabi Coffee Table Brown/Black,MW814A/B,800,499,301,"Elevate your home decor with this chic Tabi Coffee Table Brown/Black. Functional, durable, and aesthetically pleasing. Yours now for only P499.",TABLES & DESKS
MWPLS4C Plasma Wooden TV Stand Natural,MWPLS4C,700,599,101,"Elevate your home decor with this chic MWPLS4C Plasma Wooden TV Stand Natural. Functional, durable, and aesthetically pleasing. Yours now for only P599.",TV UNITS
Plasma Rack 3 Layers,DN8830,600,399,201,"Elevate your home decor with this chic Plasma Rack 3 Layers. Functional, durable, and aesthetically pleasing. Yours now for only P399.",TV UNITS
Plasma TV Stand German Oak,MWPLS8D,1200,999,201,"Elevate your home decor with this chic Plasma TV Stand German Oak. Functional, durable, and aesthetically pleasing. Yours now for only P999.",TV UNITS
Plasma Wooden TV Stand Sanremo,MWPLS7B,1000,799,201,"Elevate your home decor with this chic Plasma Wooden TV Stand Sanremo. Functional, durable, and aesthetically pleasing. Yours now for only P799.",TV UNITS
Soho Plasma Stand BAF,8928,500,399,101,"Elevate your home decor with this chic Soho Plasma Stand BAF. Functional, durable, and aesthetically pleasing. Yours now for only P399.",TV UNITS
TV Cabinet UK Oak + Black,MW23,1700,1499,201,Discover the perfect blend of quality and value with this TV Cabinet UK Oak + Black. A must-have addition to your home. Only P1499!,TV UNITS
TV Stand Diplomata Entr Unit B,MWBR290,3000,2500,500,"Elevate your home decor with this chic TV Stand Diplomata Entr Unit B. Functional, durable, and aesthetically pleasing. Yours now for only P2500.",TV UNITS
TV Stand Goya Off White Buriti,MWBR21A/B,2300,1999,301,"Elevate your home decor with this chic TV Stand Goya Off White Buriti. Functional, durable, and aesthetically pleasing. Yours now for only P1999.",TV UNITS
TV Stand Londres Off White/Mat,MWBR684,3300,2999,301,"Elevate your home decor with this chic TV Stand Londres Off White/Mat. Functional, durable, and aesthetically pleasing. Yours now for only P2999.",TV UNITS
TV Stand Madeira White,MWBR20A,2000,1499,501,"Elevate your home decor with this chic TV Stand Madeira White. Functional, durable, and aesthetically pleasing. Yours now for only P1499.",TV UNITS
TV Stand Modern Sonama Oak + S,MW973,2500,1999,501,"Elevate your home decor with this chic TV Stand Modern Sonama Oak + S. Functional, durable, and aesthetically pleasing. Yours now for only P1999.",TV UNITS
TV Stand Vitta Off White/Matte,MWBR6854,2300,1999,301,"Elevate your home decor with this chic TV Stand Vitta Off White/Matte. Functional, durable, and aesthetically pleasing. Yours now for only P1999.",TV UNITS
TV Stand Vivaz Matte/Off White,MWBR1824,4500,3999,501,"Elevate your home decor with this chic TV Stand Vivaz Matte/Off White. Functional, durable, and aesthetically pleasing. Yours now for only P3999.",TV UNITS
2 Door Wardrobe Water Pear/Bis,MW2MRTA,1500,1200,300,Transform your bedroom into a sanctuary. The 2 Door Wardrobe Water Pear/Bis offers superior comfort and elegant storage. On sale for P1200.,WARDROBES
3 Door Metal White FE,MWMET3A,3000,2499,501,Discover the perfect blend of quality and value with this 3 Door Metal White FE. A must-have addition to your home. Only P2499!,WARDROBES
3 Door Wardrobe With Mirror GO,MW766MC,1600,1350,250,Transform your bedroom into a sanctuary. The 3 Door Wardrobe With Mirror GO offers superior comfort and elegant storage. On sale for P1350.,WARDROBES
MW3MK 2 Door Robe Zebra Tiger Spot,MW3MK,1300,1250,50,Transform your bedroom into a sanctuary. The MW3MK 2 Door Robe Zebra Tiger Spot offers superior comfort and elegant storage. On sale for P1250.,WARDROBES
Robe 3Door Metal + Mirror Whit,YG3,2500,1999,501,Transform your bedroom into a sanctuary. The Robe 3Door Metal + Mirror Whit offers superior comfort and elegant storage. On sale for P1999.,WARDROBES
Robe New (Pear) Old GRE,MW761D,1700,1499,201,Transform your bedroom into a sanctuary. The Robe New (Pear) Old GRE offers superior comfort and elegant storage. On sale for P1499.,WARDROBES
Texas Robe 2 Door,21368,1300,1099,201,Transform your bedroom into a sanctuary. The Texas Robe 2 Door offers superior comfort and elegant storage. On sale for P1099.,WARDROBES
Wardrobe 3 Door Black Marble,MW3DMARB,3500,2999,501,Transform your bedroom into a sanctuary. The Wardrobe 3 Door Black Marble offers superior comfort and elegant storage. On sale for P2999.,WARDROBES
Wardrobe 4 Door White + Dark G,MW762,2700,2199,501,Transform your bedroom into a sanctuary. The Wardrobe 4 Door White + Dark G offers superior comfort and elegant storage. On sale for P2199.,WARDROBES
Wardrobe White Big 2-Door + SH,DF003,1600,1399,201,Transform your bedroom into a sanctuary. The Wardrobe White Big 2-Door + SH offers superior comfort and elegant storage. On sale for P1399.,WARDROBES
